{
  "generated_at": "2026-04-09T19:20:31Z",
  "trials": 60,
  "simulations": 200,
  "workers": 8,
  "seed_start": 0,
  "seed": 20260413,
  "best": {
    "params": {
      "base_size": 14.113052,
      "fill_decay": 0.590229,
      "fill_hit": 0.497805,
      "inv_skew": 0.027657,
      "max_inventory": 8.674922,
      "min_size": 0.550072,
      "shock_duration": 4,
      "shock_size_mult": 0.15,
      "shock_trigger_min": 1.846626,
      "shock_trigger_vol_mult": 3.044949,
      "shock_vol_floor": 0.354703,
      "spread_base": 2,
      "spread_shock_extra": 2,
      "spread_vol_extra": 1,
      "spread_vol_threshold": 1.227116,
      "trend_alpha": 0.173101,
      "trend_decay": 0.654128,
      "trend_weight": 0.996645,
      "vol_coeff": 2.402131,
      "vol_decay": 0.935142,
      "vol_floor": 0.064398
    },
    "mean_edge": 9.70564075251,
    "mean_retail_edge": 21.497991960948507,
    "mean_arb_edge": -11.792351208435502,
    "mean_final_wealth": 1009.4872330000004
  },
  "top_results": [
    {
      "params": {
        "base_size": 14.113052,
        "fill_decay": 0.590229,
        "fill_hit": 0.497805,
        "inv_skew": 0.027657,
        "max_inventory": 8.674922,
        "min_size": 0.550072,
        "shock_duration": 4,
        "shock_size_mult": 0.15,
        "shock_trigger_min": 1.846626,
        "shock_trigger_vol_mult": 3.044949,
        "shock_vol_floor": 0.354703,
        "spread_base": 2,
        "spread_shock_extra": 2,
        "spread_vol_extra": 1,
        "spread_vol_threshold": 1.227116,
        "trend_alpha": 0.173101,
        "trend_decay": 0.654128,
        "trend_weight": 0.996645,
        "vol_coeff": 2.402131,
        "vol_decay": 0.935142,
        "vol_floor": 0.064398
      },
      "mean_edge": 9.70564075251,
      "mean_retail_edge": 21.497991960948507,
      "mean_arb_edge": -11.792351208435502,
      "mean_final_wealth": 1009.4872330000004
    },
    {
      "params": {
        "base_size": 14.198837,
        "fill_decay": 0.612449,
        "fill_hit": 0.468763,
        "inv_skew": 0.036796,
        "max_inventory": 9.850859,
        "min_size": 0.451046,
        "shock_duration": 6,
        "shock_size_mult": 0.178106,
        "shock_trigger_min": 2.07089,
        "shock_trigger_vol_mult": 3.460375,
        "shock_vol_floor": 0.316134,
        "spread_base": 2,
        "spread_shock_extra": 2,
        "spread_vol_extra": 1,
        "spread_vol_threshold": 1.369946,
        "trend_alpha": 0.131204,
        "trend_decay": 0.719709,
        "trend_weight": 0.907904,
        "vol_coeff": 2.195967,
        "vol_decay": 0.936157,
        "vol_floor": 0.053648
      },
      "mean_edge": 9.359895189521003,
      "mean_retail_edge": 20.677717585436504,
      "mean_arb_edge": -11.317822395893497,
      "mean_final_wealth": 1009.1753054999997
    },
    {
      "params": {
        "base_size": 15.565753,
        "fill_decay": 0.542188,
        "fill_hit": 0.394741,
        "inv_skew": 0.02,
        "max_inventory": 8.247926,
        "min_size": 0.471971,
        "shock_duration": 3,
        "shock_size_mult": 0.15734,
        "shock_trigger_min": 2.19419,
        "shock_trigger_vol_mult": 3.851583,
        "shock_vol_floor": 0.395433,
        "spread_base": 2,
        "spread_shock_extra": 2,
        "spread_vol_extra": 1,
        "spread_vol_threshold": 1.176684,
        "trend_alpha": 0.209704,
        "trend_decay": 0.723593,
        "trend_weight": 0.906785,
        "vol_coeff": 2.6,
        "vol_decay": 0.920865,
        "vol_floor": 0.057566
      },
      "mean_edge": 9.044702672216998,
      "mean_retail_edge": 23.9132818187325,
      "mean_arb_edge": -14.868579146502,
      "mean_final_wealth": 1008.7516254999996
    },
    {
      "params": {
        "base_size": 11.732839,
        "fill_decay": 0.592774,
        "fill_hit": 0.394109,
        "inv_skew": 0.026738,
        "max_inventory": 7.743239,
        "min_size": 0.575578,
        "shock_duration": 5,
        "shock_size_mult": 0.216675,
        "shock_trigger_min": 1.914155,
        "shock_trigger_vol_mult": 2.954903,
        "shock_vol_floor": 0.418616,
        "spread_base": 2,
        "spread_shock_extra": 1,
        "spread_vol_extra": 1,
        "spread_vol_threshold": 1.010672,
        "trend_alpha": 0.190326,
        "trend_decay": 0.617542,
        "trend_weight": 0.924455,
        "vol_coeff": 2.575648,
        "vol_decay": 0.949608,
        "vol_floor": 0.114361
      },
      "mean_edge": 8.79313546289,
      "mean_retail_edge": 17.230680641365982,
      "mean_arb_edge": -8.437545178479501,
      "mean_final_wealth": 1008.560414
    },
    {
      "params": {
        "base_size": 12.490496,
        "fill_decay": 0.532189,
        "fill_hit": 0.47078,
        "inv_skew": 0.021294,
        "max_inventory": 8.330075,
        "min_size": 0.668315,
        "shock_duration": 3,
        "shock_size_mult": 0.15,
        "shock_trigger_min": 2.041737,
        "shock_trigger_vol_mult": 2.510515,
        "shock_vol_floor": 0.401394,
        "spread_base": 2,
        "spread_shock_extra": 2,
        "spread_vol_extra": 2,
        "spread_vol_threshold": 1.036957,
        "trend_alpha": 0.228291,
        "trend_decay": 0.601834,
        "trend_weight": 1.129051,
        "vol_coeff": 2.336007,
        "vol_decay": 0.943119,
        "vol_floor": 0.112389
      },
      "mean_edge": 8.754231704866504,
      "mean_retail_edge": 18.237379598076004,
      "mean_arb_edge": -9.483147893222498,
      "mean_final_wealth": 1008.464950499999
    },
    {
      "params": {
        "base_size": 12.959865,
        "fill_decay": 0.545069,
        "fill_hit": 0.606082,
        "inv_skew": 0.040648,
        "max_inventory": 8.926349,
        "min_size": 0.303835,
        "shock_duration": 7,
        "shock_size_mult": 0.282206,
        "shock_trigger_min": 1.941709,
        "shock_trigger_vol_mult": 3.454075,
        "shock_vol_floor": 0.277268,
        "spread_base": 2,
        "spread_shock_extra": 3,
        "spread_vol_extra": 1,
        "spread_vol_threshold": 1.334059,
        "trend_alpha": 0.072242,
        "trend_decay": 0.754941,
        "trend_weight": 0.832238,
        "vol_coeff": 2.041246,
        "vol_decay": 0.955831,
        "vol_floor": 0.081683
      },
      "mean_edge": 8.449021643242498,
      "mean_retail_edge": 18.780424807233018,
      "mean_arb_edge": -10.331403164008004,
      "mean_final_wealth": 1008.4182415000005
    },
    {
      "params": {
        "base_size": 14.620702,
        "fill_decay": 0.52,
        "fill_hit": 0.55,
        "inv_skew": 0.048,
        "max_inventory": 10.678467,
        "min_size": 0.22,
        "shock_duration": 8,
        "shock_size_mult": 0.44,
        "shock_trigger_min": 2.2,
        "shock_trigger_vol_mult": 4.2,
        "shock_vol_floor": 0.337442,
        "spread_base": 2,
        "spread_shock_extra": 4,
        "spread_vol_extra": 0,
        "spread_vol_threshold": 1.102918,
        "trend_alpha": 0.12,
        "trend_decay": 0.7,
        "trend_weight": 0.67,
        "vol_coeff": 1.95,
        "vol_decay": 0.965,
        "vol_floor": 0.06
      },
      "mean_edge": 8.300980563469,
      "mean_retail_edge": 20.608834976170996,
      "mean_arb_edge": -12.3078544126995,
      "mean_final_wealth": 1008.1133959999992
    },
    {
      "params": {
        "base_size": 15.668288,
        "fill_decay": 0.57698,
        "fill_hit": 0.552212,
        "inv_skew": 0.041764,
        "max_inventory": 11.197498,
        "min_size": 0.499626,
        "shock_duration": 5,
        "shock_size_mult": 0.284613,
        "shock_trigger_min": 2.045771,
        "shock_trigger_vol_mult": 4.333499,
        "shock_vol_floor": 0.292753,
        "spread_base": 2,
        "spread_shock_extra": 1,
        "spread_vol_extra": 1,
        "spread_vol_threshold": 1.19554,
        "trend_alpha": 0.141754,
        "trend_decay": 0.688129,
        "trend_weight": 0.918803,
        "vol_coeff": 1.953801,
        "vol_decay": 0.947146,